Model,Threshold,Recall,Precision,F1,FPR
RandomForest,0.24,1.0,0.13881036257411675,0.2437813478626168,0.9996466133782078
ExtraTrees,0.24,1.0,0.13877012710329134,0.2437192964593886,0.9999831720656289
LogisticRegression,0.2,0.9991644908616188,0.13890179452929902,0.24389746465946896,0.9980479596129576
ExtraTreesTuned,0.2,0.9668929503916449,0.1442730247779336,0.25108142924944066,0.9240555321834245
RandomForestTuned,0.2,0.8515926892950392,0.1599262542658769,0.2692822113241195,0.7207740849810685
XGBoostRaw,0.2,0.7914360313315927,0.16883145817088113,0.2782959970620639,0.6277997475809844
GradientBoosting,0.2,0.282088772845953,0.26988409272581937,0.27585150385538476,0.12296171644930584
XGBoostCalibratedTuned,0.2,0.26851174934725847,0.2726116000424133,0.2705461433231611,0.11543962978544384
XGBoostCalibrated,0.2,0.2110704960835509,0.3010128090557045,0.24814291853398,0.07897349600336559
