Model,Threshold,Recall,Precision,F1
ExtraTrees,0.2,1.0,0.14848041275960522,0.2585684720609762
RandomForest,0.2,0.9998047828208882,0.1486151212222335,0.258766168148747
LogisticRegression,0.2,0.9938506588579795,0.14988738572963742,0.26048915268112977
ExtraTreesTuned,0.2,0.9210346510492924,0.1792280808387783,0.30006519008474714
RandomForestTuned,0.2,0.8541727672035139,0.21735674722436105,0.34653308517799863
XGBoostCalibratedTuned,0.2,0.4427525622254758,0.3256748994830557,0.3752947503412899
GradientBoosting,0.2,0.4364080039043436,0.3305974563738539,0.37620429971812025
XGBoostCalibrated,0.2,0.39102000976085893,0.3501136165006118,0.36943791211324756
