{
  "rows": 345000,
  "columns": 21,
  "injury_rate": 0.1484753623188406,
  "class_counts": {
    "0": 293776,
    "1": 51224
  },
  "acwr_ratio_range": [
    0.23336643495531284,
    2.0427230046948357
  ],
  "sleep_debt_3d_range": [
    -6.0,
    14.200000000000001
  ],
  "hrv_drop_range": [
    -26.285714285714292,
    21.714285714285708
  ]
}