Model,Accuracy,Precision,Recall,F1-Score,ROC-AUC,CV F1-Mean,CV F1-Std
Random Forest,0.8164285714285714,0.366412213740458,0.21621621621621623,0.2719546742209632,0.6959344743725049,0.2208021581938469,0.04308500160874914
Logistic Regression,0.5914285714285714,0.20930232558139536,0.5675675675675675,0.3058252427184466,0.6298735067835237,0.32121727545144746,0.01935897349214503
SVM,0.6535714285714286,0.2332657200811359,0.5180180180180181,0.32167832167832167,0.6299117453616605,0.32290229504113677,0.016973378502967203
XGBoost,0.8371428571428572,0.4594594594594595,0.15315315315315314,0.22972972972972974,0.6570420165496567,0.1734051959617305,0.02769811354334932
