Model,Accuracy,Precision,Recall,Recall_Default,F1-Score,ROC-AUC,CV F1-Mean,CV F1-Std,Balanced_Score,Safety_Score
Random Forest,0.9157142857142857,0.20408163265306123,0.11235955056179775,0.0,0.14492753623188406,0.6440233461034118,0.02086575351704535,0.010457023205389203,0.3857677935854361,0.3857677935854361
Logistic Regression,0.35285714285714287,0.07045215562565721,0.7528089887640449,0.6179775280898876,0.12884615384615383,0.6366269851472843,0.15937548692235218,0.015651206053102572,0.3345219598127743,0.3345219598127743
SVM,0.9364285714285714,0.0,0.0,0.42696629213483145,0.0,0.6142664918280067,0.13960891632344458,0.023738054602345585,0.2809285714285714,0.2809285714285714
XGBoost,0.9278571428571428,0.125,0.02247191011235955,0.02247191011235955,0.0380952380952381,0.6136237026371497,0.025923350706828385,0.016025194652120114,0.32718940609951846,0.32718940609951846
