Recall@Threshold,Precision@Threshold,F1@Threshold,Model,ROC-AUC,PR-AUC,LogLoss,BalancedAccuracy@Threshold
0.8722303562713519,0.20014334348683033,0.3255788534057166,ExtraTrees,0.7119757283462661,0.30556445593652015,0.6154324931519903,0.6322091275867865
0.8323084431429966,0.18407702437234202,0.3014778673454957,LogisticRegression,0.66659097204026,0.26150689424106915,0.6497853698272746,0.5945135101426837
0.7981454367984383,0.23445250451587005,0.36243960817339654,RandomForest,0.7284503006275616,0.3247458409063886,0.5806234488374176,0.671858013267741
0.37813567593948266,0.32970212765957446,0.35226187769947714,ExtraTreesTuned,0.7161920788523901,0.31326952171195827,0.45056040086069804,0.6220437549129803
0.37266959492435336,0.3551627906976744,0.3637056442010002,RandomForestTuned,0.7287486152700253,0.3294764397452784,0.4189051090420754,0.6273440732684911
0.15285505124450952,0.4671837708830549,0.23034492902846215,XGBoostCalibratedTuned,0.7316720353052204,0.33661900318588045,0.3743364979474101,0.5612288191291903
0.14641288433382138,0.4694835680751174,0.22321428571428573,XGBoostCalibrated,0.7311044817676233,0.33578405045403537,0.3780006221237036,0.5587821378523843
0.12601268911664226,0.4886449659348978,0.20035694886319547,GradientBoosting,0.7316295480330239,0.3366620128684258,0.373843036870752,0.5515094506769493
