Model,Accuracy,Precision,Recall,Recall_Default,F1-Score,ROC-AUC,CV F1-Mean,CV F1-Std,Balanced_Score,Safety_Score
Random Forest,0.385,0.26222222222222225,0.9049079754601227,0.4110429447852761,0.4066161268090972,0.7159206452571089,0.43620129335557845,0.03765715842131966,0.5416773786688728,0.5416773786688728
Logistic Regression,0.3078571428571429,0.24784313725490195,0.9693251533742331,0.6196319018404908,0.3947532792004997,0.7208246221338726,0.44302866394270807,0.015138698048242203,0.5460914792234034,0.5460914792234034
SVM,0.7007142857142857,0.4,0.5705521472392638,0.5368098159509203,0.47029077117572693,0.7062212244804698,0.4597836555181014,0.03016408965375481,0.5223730871848169,0.5223730871848169
XGBoost,0.7328571428571429,0.43258426966292135,0.4723926380368098,0.3220858895705521,0.45161290322580644,0.6882790097222697,0.3771053632200654,0.04639717057832825,0.49631528796363683,0.49631528796363683
