Recall@Threshold,Precision@Threshold,F1@Threshold,Model,ROC-AUC,LogLoss
0.8323084431429966,0.18407702437234202,0.3014778673454957,LogisticRegression,0.66659097204026,0.6497853698272746
0.7981454367984383,0.23445250451587005,0.36243960817339654,RandomForest,0.7284503006275616,0.5806234488374176
0.14641288433382138,0.4694835680751174,0.22321428571428573,XGBoostCalibrated,0.7311044817676233,0.3780006221237036
