Model,Accuracy,Precision,Recall,Recall_Default,F1-Score,ROC-AUC,CV F1-Mean,CV F1-Std,Balanced_Score,Safety_Score
Random Forest,0.7685714285714286,0.3191489361702128,0.40540540540540543,0.25675675675675674,0.35714285714285715,0.7032036280762936,0.2580412016009842,0.024634786572202357,0.36125030805881875,0.36125030805881875
Logistic Regression,0.3871428571428571,0.17748478701825557,0.7882882882882883,0.5585585585585585,0.2897350993377483,0.619373193227183,0.3269996264080701,0.020052403322669672,0.4442562499901673,0.4442562499901673
SVM,0.8407142857142857,0.4444444444444444,0.018018018018018018,0.5315315315315315,0.03463203463203463,0.6282942535064776,0.3311238736614967,0.023284008396804865,0.19191139191139192,0.19191139191139192
XGBoost,0.8185714285714286,0.35714285714285715,0.18018018018018017,0.14414414414414414,0.23952095808383234,0.6514477125682558,0.167781950144726,0.028611460037481277,0.2628334065459814,0.2628334065459814
