{
  "created_at_utc": "2026-04-27T08:28:59.128640+00:00",
  "dataset_path": "C:\\dev\\final_project_AthleAgent\\ML_model\\athlete_injury_data.csv",
  "dataset_rows": 345000,
  "threshold": 0.4,
  "policy": {
    "recall_min": 0.9,
    "precision_min": 0.3,
    "f1_min": 0.45
  },
  "winner": "ExtraTrees",
  "winner_metrics": {
    "Recall@Threshold": 0.8722303562713519,
    "Precision@Threshold": 0.20014334348683033,
    "F1@Threshold": 0.3255788534057166,
    "ROC-AUC": 0.7119757283462661,
    "LogLoss": 0.6154324931519903
  }
}