bin,samples,injury_rate
green_0_20,427,0.0351288056206089
yellow_20_50,45739,0.1821421543977787
red_50_100,22834,0.3267495839537532
