{
  "created_at_utc": "2026-05-10T13:52:03.094571+00:00",
  "run_id": "20260510_135202",
  "artifacts_dir": "C:\\dev\\final_project_AthleAgent\\ML_model\\artifacts\\20260510_135202",
  "dataset_path": "C:\\dev\\final_project_AthleAgent\\ML_model\\athlete_injury_data.csv",
  "dataset_rows": 345000,
  "benchmark_path": "C:\\dev\\final_project_AthleAgent\\ML_model\\benchmark_holdout.csv",
  "threshold": 0.34,
  "policy": {
    "recall_hard_min": 0.85,
    "recall_min": 0.9,
    "recall_high_target": 0.95,
    "precision_min": 0.3,
    "f1_min": 0.45
  },
  "winner": "RandomForest",
  "winner_metrics": {
    "Recall@Threshold": 0.9700765483646486,
    "Precision@Threshold": 0.23784706064836358,
    "F1@Threshold": 0.38202723071365396,
    "FPR@Threshold": 0.9237305660519242,
    "BrierScore": 0.22567373552773995,
    "ROC-AUC": 0.6308671907798922,
    "LogLoss": 0.6432379230329087
  },
  "risk_bins": [
    {
      "bin": "green_0_20",
      "samples": 427,
      "injury_rate": 0.0351288056206089
    },
    {
      "bin": "yellow_20_50",
      "samples": 45739,
      "injury_rate": 0.1821421543977787
    },
    {
      "bin": "red_50_100",
      "samples": 22834,
      "injury_rate": 0.3267495839537532
    }
  ]
}