bin,samples,injury_rate
green_0_20,20,0.0
yellow_20_50,51640,0.07004260263361735
red_50_100,17340,0.22733564013840832
