{
  "created_at_utc": "2026-05-12T06:00:27.466945+00:00",
  "run_id": "20260512_060027",
  "artifacts_dir": "C:\\dev\\final_project_AthleAgent\\ML_model\\artifacts\\20260512_060027",
  "dataset_path": "C:\\dev\\final_project_AthleAgent\\ML_model\\athlete_injury_data.csv",
  "dataset_rows": 345000,
  "benchmark_path": "C:\\dev\\final_project_AthleAgent\\ML_model\\benchmark_holdout.csv",
  "threshold": 0.34,
  "policy": {
    "recall_hard_min": 0.85,
    "recall_min": 0.9,
    "recall_high_target": 0.92,
    "fpr_max_operating": 0.85,
    "precision_min": 0.24,
    "f1_min": 0.38
  },
  "winner": "ExtraTrees",
  "winner_metrics": {
    "Recall@Threshold": 0.9441725095912158,
    "Precision@Threshold": 0.1231090335156021,
    "F1@Threshold": 0.21781724958798754,
    "FPR@Threshold": 0.8273953874448658,
    "BrierScore": 0.199925998304603,
    "ROC-AUC": 0.7105198010477815,
    "LogLoss": 0.5901416031521393
  },
  "risk_bins": [
    {
      "bin": "green_0_20",
      "samples": 20,
      "injury_rate": 0.0
    },
    {
      "bin": "yellow_20_50",
      "samples": 51640,
      "injury_rate": 0.07004260263361735
    },
    {
      "bin": "red_50_100",
      "samples": 17340,
      "injury_rate": 0.22733564013840832
    }
  ]
}