bin,samples,injury_rate
green_0_20,29173,0.05045761491790354
yellow_20_50,33929,0.11462171004155737
red_50_100,5898,0.3726687012546626
