bin,samples,injury_rate
green_0_20,32685,0.15936974147162306
yellow_20_50,34837,0.28179808823951547
red_50_100,1478,0.5284167794316644
