{
  "created_at_utc": "2026-05-10T14:27:22.568069+00:00",
  "run_id": "20260510_142722",
  "artifacts_dir": "C:\\dev\\final_project_AthleAgent\\ML_model\\artifacts\\20260510_142722",
  "dataset_path": "C:\\dev\\final_project_AthleAgent\\ML_model\\athlete_injury_data.csv",
  "dataset_rows": 345000,
  "benchmark_path": "C:\\dev\\final_project_AthleAgent\\ML_model\\benchmark_holdout.csv",
  "threshold": 0.2,
  "policy": {
    "recall_hard_min": 0.85,
    "recall_min": 0.9,
    "recall_high_target": 0.92,
    "fpr_max_operating": 0.85,
    "precision_min": 0.24,
    "f1_min": 0.38
  },
  "winner": "XGBoostCalibrated",
  "winner_metrics": {
    "Recall@Threshold": 0.6704624533434554,
    "Precision@Threshold": 0.29183532975354537,
    "F1@Threshold": 0.40666129465484824,
    "FPR@Threshold": 0.4834658695693042,
    "BrierScore": 0.1689228903218083,
    "ROC-AUC": 0.6344183298845227,
    "LogLoss": 0.5173342562950048
  },
  "risk_bins": [
    {
      "bin": "green_0_20",
      "samples": 32685,
      "injury_rate": 0.15936974147162306
    },
    {
      "bin": "yellow_20_50",
      "samples": 34837,
      "injury_rate": 0.28179808823951547
    },
    {
      "bin": "red_50_100",
      "samples": 1478,
      "injury_rate": 0.5284167794316644
    }
  ]
}