{
  "created_at_utc": "2026-05-12T07:13:09.952006+00:00",
  "run_id": "20260512_071309",
  "artifacts_dir": "C:\\dev\\final_project_AthleAgent\\ML_model\\artifacts\\20260512_071309",
  "dataset_path": "C:\\dev\\final_project_AthleAgent\\ML_model\\athlete_injury_data.csv",
  "dataset_rows": 345000,
  "benchmark_path": "C:\\dev\\final_project_AthleAgent\\ML_model\\benchmark_holdout.csv",
  "threshold": 0.18,
  "policy": {
    "recall_hard_min": 0.8,
    "recall_min": 0.85,
    "recall_high_target": 0.88,
    "fpr_max_operating": 0.7,
    "precision_min": 0.13,
    "f1_min": 0.22
  },
  "winner": "XGBoostDeep",
  "winner_metrics": {
    "Recall@Threshold": 0.8651938087048552,
    "Precision@Threshold": 0.14127100704194928,
    "F1@Threshold": 0.24288340482424378,
    "FPR@Threshold": 0.647027229374522,
    "BrierScore": 0.11476315557956696,
    "ROC-AUC": 0.7247934699421855,
    "LogLoss": 0.38712751106333415
  },
  "risk_bins": [
    {
      "bin": "green_0_20",
      "samples": 29173,
      "injury_rate": 0.05045761491790354
    },
    {
      "bin": "yellow_20_50",
      "samples": 33929,
      "injury_rate": 0.11462171004155737
    },
    {
      "bin": "red_50_100",
      "samples": 5898,
      "injury_rate": 0.3726687012546626
    }
  ]
}