{
  "rows": 345000,
  "columns": 23,
  "injury_rate": 0.14032753623188407,
  "class_counts": {
    "0": 296587,
    "1": 48413
  },
  "acwr_ratio_range": [
    0.35,
    1.8773885350318469
  ],
  "sleep_debt_3d_range": [
    0.0,
    7.5
  ],
  "hrv_drop_range": [
    -15.0,
    15.0
  ],
  "high_risk_condition_rates": {
    "acwr_gt_1_4": 0.026808695652173913,
    "sleep_debt_gt_5": 0.002744927536231884,
    "hrv_drop_lt_minus8": 0.0200231884057971,
    "stress_ge_8": 0.016084057971014493
  },
  "feature_correlations": {
    "distance_sleep": -0.28816788227072027,
    "distance_soreness": 0.4857599665354253,
    "stress_sleep": -0.26755302132822306,
    "stress_hrvdrop": -0.3860654693459061
  }
}