bin,samples,injury_rate
green_0_20,0,0.0
yellow_20_50,46785,0.10394357165758256
red_50_100,22215,0.2121089354040063
