bin,samples,injury_rate
green_0_20,33,0.06060606060606061
yellow_20_50,40628,0.1148222900462735
red_50_100,28339,0.20332404107413812
