{
  "created_at_utc": "2026-05-10T13:37:19.220740+00:00",
  "run_id": "20260510_133719",
  "artifacts_dir": "C:\\dev\\final_project_AthleAgent\\ML_model\\artifacts\\20260510_133719",
  "dataset_path": "C:\\dev\\final_project_AthleAgent\\ML_model\\athlete_injury_data.csv",
  "dataset_rows": 345000,
  "benchmark_path": "C:\\dev\\final_project_AthleAgent\\ML_model\\benchmark_holdout.csv",
  "threshold": 0.34,
  "policy": {
    "recall_hard_min": 0.85,
    "recall_min": 0.9,
    "recall_high_target": 0.95,
    "precision_min": 0.3,
    "f1_min": 0.45
  },
  "winner": "LogisticRegression",
  "winner_metrics": {
    "Recall@Threshold": 0.9538786077284496,
    "Precision@Threshold": 0.1573702028031765,
    "F1@Threshold": 0.2701682440965197,
    "FPR@Threshold": 0.9094261665329259,
    "BrierScore": 0.23685566270089445,
    "ROC-AUC": 0.6214963705233166,
    "LogLoss": 0.6668034384923118
  },
  "risk_bins": [
    {
      "bin": "green_0_20",
      "samples": 33,
      "injury_rate": 0.06060606060606061
    },
    {
      "bin": "yellow_20_50",
      "samples": 40628,
      "injury_rate": 0.1148222900462735
    },
    {
      "bin": "red_50_100",
      "samples": 28339,
      "injury_rate": 0.20332404107413812
    }
  ]
}