bin,samples,injury_rate
green_0_20,54540,0.0914008067473414
yellow_20_50,11454,0.3137768465165008
red_50_100,5806,0.6457113331036859
