{
  "created_at_utc": "2026-04-30T13:54:36.461294+00:00",
  "run_id": "20260430_135436",
  "artifacts_dir": "C:\\dev\\final_project_AthleAgent\\ML_model\\artifacts\\20260430_135436",
  "dataset_path": "C:\\dev\\final_project_AthleAgent\\ML_model\\athlete_injury_data.csv",
  "dataset_rows": 345000,
  "benchmark_path": "C:\\dev\\final_project_AthleAgent\\ML_model\\benchmark_holdout.csv",
  "threshold": 0.36,
  "policy": {
    "recall_hard_min": 0.85,
    "recall_min": 0.9,
    "recall_high_target": 0.95,
    "precision_min": 0.3,
    "f1_min": 0.45
  },
  "winner": "ExtraTrees",
  "winner_metrics": {
    "Recall@Threshold": 0.9696083550913838,
    "Precision@Threshold": 0.14397146623245716,
    "F1@Threshold": 0.25071563597083446,
    "FPR@Threshold": 0.9289188052166597,
    "BrierScore": 0.22477915793484055,
    "ROC-AUC": 0.6400128735894797,
    "LogLoss": 0.6419692773138489
  },
  "risk_bins": [
    {
      "bin": "green_0_20",
      "samples": 0,
      "injury_rate": 0.0
    },
    {
      "bin": "yellow_20_50",
      "samples": 46785,
      "injury_rate": 0.10394357165758256
    },
    {
      "bin": "red_50_100",
      "samples": 22215,
      "injury_rate": 0.2121089354040063
    }
  ]
}