bin,samples,injury_rate
green_0_20,31671,0.055823939881910895
yellow_20_50,28987,0.16638493117604444
red_50_100,11142,0.5148985819422007
