{
  "created_at_utc": "2026-06-29T11:34:45.823457+00:00",
  "run_id": "20260629_113445",
  "artifacts_dir": "ML_model/artifacts/20260629_113445",
  "dataset_path": "ML_model/athlete_injury_data.csv",
  "dataset_rows": 359000,
  "benchmark_path": "ML_model/benchmark_holdout.csv",
  "threshold": 0.18,
  "policy": {
    "recall_hard_min": 0.8,
    "recall_min": 0.8,
    "fpr_max_operating": 0.55,
    "precision_min": 0.13,
    "f1_min": 0.22
  },
  "winner": "XGBoostDeep",
  "winner_metrics": {
    "Recall@Threshold": 0.8872485399091499,
    "Precision@Threshold": 0.24561561089529113,
    "F1@Threshold": 0.3847276692284694,
    "FPR@Threshold": 0.5648876782351359,
    "BrierScore": 0.1285972148180008,
    "ROC-AUC": 0.7913305362661898,
    "LogLoss": 0.41426300810639677
  },
  "risk_bins": [
    {
      "bin": "green_0_20",
      "samples": 31671,
      "injury_rate": 0.055823939881910895
    },
    {
      "bin": "yellow_20_50",
      "samples": 28987,
      "injury_rate": 0.16638493117604444
    },
    {
      "bin": "red_50_100",
      "samples": 11142,
      "injury_rate": 0.5148985819422007
    }
  ]
}