Recall@Threshold,Precision@Threshold,F1@Threshold,FPR@Threshold,Model,ROC-AUC,PR-AUC,LogLoss,BrierScore,BalancedAccuracy@Threshold
0.6258922777417262,0.4034720769713449,0.49065242273941245,0.19182136131288674,XGBoostCalibratedTuned,0.792663749452897,0.5035761976226218,0.3693991354328651,0.11251198029151553,0.7170354582144197
0.6382219338092148,0.3950989253791303,0.48805905340859745,0.20254909873553942,GradientBoosting,0.7922223045768368,0.5020208222331523,0.3685934793411769,0.11246604724710829,0.7178364175368377
0.8872485399091499,0.24561561089529113,0.3847276692284694,0.5648876782351359,XGBoostDeep,0.7913305362661898,0.5022474546959381,0.41426300810639677,0.1285972148180008,0.6611804308370071
0.972420506164828,0.1869182193809932,0.3135634228319579,0.8768327952649987,LogisticRegression,0.765097738151105,0.46197662187117533,0.580968536958523,0.19797214369580943,0.5477938554499147
0.9951330304996755,0.18182896101971247,0.30747637785408155,0.928201506591337,RandomForest,0.7881352740586989,0.48684735165102727,0.5273168840273691,0.1730107514136833,0.5334657619541692
