bin,samples,injury_rate
green_0_20,29116,0.050212941338095896
yellow_20_50,33902,0.11424104772579789
red_50_100,5982,0.371782012704781
