Model,folds,ROC_AUC_mean,ROC_AUC_std,Recall_mean,Recall_std,F1_mean,F1_std,FPR_mean,FPR_std
GradientBoosting,2,0.8058306396053454,0.006689018795830999,0.6248143237035266,0.019684978902236198,0.48109386148436983,0.01808302284275783,0.17437298097813875,2.55252457837501e-06
XGBoostCalibratedTuned,2,0.8023829185566054,0.004999465901607568,0.6077212355715931,0.0175228078723706,0.4738386437332581,0.01043014901757261,0.17166043798931913,0.006261095772280897
XGBoostDeep,2,0.7944081239490381,0.004562359239080685,0.7658250548877247,0.007247371852476083,0.4170607092740085,0.014714104432571732,0.3419050134273469,0.005823873013853583
RandomForest,2,0.7961897198703118,0.0027275779073307484,0.9210105862661131,0.0010990182130477802,0.33817274875295356,0.0004084103225546329,0.6323853027901074,0.025225859352696844
LogisticRegression,2,0.7747249013340289,0.00423622056157805,0.9608666826076561,0.007939061636911753,0.29280266728540155,0.009199871031064066,0.8252897924449603,0.0014433291398252197
