bin,samples,injury_rate
green_0_20,1405,0.04199288256227758
yellow_20_50,1681,0.15407495538370017
red_50_100,370,0.5297297297297298
