bin,samples,injury_rate
green_0_20,1756,0.07687927107061504
yellow_20_50,53277,0.20900200837134222
red_50_100,13967,0.41798525094866473
