{
  "created_at_utc": "2026-05-11T21:25:27.394080+00:00",
  "run_id": "20260511_212527",
  "artifacts_dir": "C:\\dev\\final_project_AthleAgent\\ML_model\\artifacts\\20260511_212527",
  "dataset_path": "C:\\dev\\final_project_AthleAgent\\ML_model\\athlete_injury_data.csv",
  "dataset_rows": 345000,
  "benchmark_path": "C:\\dev\\final_project_AthleAgent\\ML_model\\benchmark_holdout.csv",
  "threshold": 0.3,
  "policy": {
    "recall_hard_min": 0.85,
    "recall_min": 0.9,
    "recall_high_target": 0.92,
    "fpr_max_operating": 0.85,
    "precision_min": 0.24,
    "f1_min": 0.38
  },
  "winner": "XGBoostRaw",
  "winner_metrics": {
    "Recall@Threshold": 0.9034369885433715,
    "Precision@Threshold": 0.2737852727047278,
    "F1@Threshold": 0.42022267233996274,
    "FPR@Threshold": 0.7900447082401911,
    "BrierScore": 0.1996925175189972,
    "ROC-AUC": 0.6539142155211988,
    "LogLoss": 0.5874365683753685
  },
  "risk_bins": [
    {
      "bin": "green_0_20",
      "samples": 1756,
      "injury_rate": 0.07687927107061504
    },
    {
      "bin": "yellow_20_50",
      "samples": 53277,
      "injury_rate": 0.20900200837134222
    },
    {
      "bin": "red_50_100",
      "samples": 13967,
      "injury_rate": 0.41798525094866473
    }
  ]
}